id,codigo_acao_empresa,nome_empresa,setor_codigo_empresa,setor_empresa,segmento_empresa
1,BRAP4,BRADESPAR,IMAT,SEGMENTS AND SECTORS,BM&FBOVESPA BASIC MATERIALS INDEX (IMAT)
2,PMAM3,PARANAPANEMA,IMAT,SEGMENTS AND SECTORS,BM&FBOVESPA BASIC MATERIALS INDEX (IMAT)
3,CSNA3,SID NACIONAL,IMAT,SEGMENTS AND SECTORS,BM&FBOVESPA BASIC MATERIALS INDEX (IMAT)
4,SUZB3,SUZANO S.A.,IMAT,SEGMENTS AND SECTORS,BM&FBOVESPA BASIC MATERIALS INDEX (IMAT)
5,BRKM5,BRASKEM,IMAT,SEGMENTS AND SECTORS,BM&FBOVESPA BASIC MATERIALS INDEX (IMAT)
6,RANI3,IRANI,IMAT,SEGMENTS AND SECTORS,BM&FBOVESPA BASIC MATERIALS INDEX (IMAT)
7,DEXP3,DEXXOS PAR,IMAT,SEGMENTS AND SECTORS,BM&FBOVESPA BASIC MATERIALS INDEX (IMAT)
8,GGBR4,GERDAU,IMAT,SEGMENTS AND SECTORS,BM&FBOVESPA BASIC MATERIALS INDEX (IMAT)
9,UNIP6,UNIPAR,IMAT,SEGMENTS AND SECTORS,BM&FBOVESPA BASIC MATERIALS INDEX (IMAT)
10,KLBN11,KLABIN S/A,IMAT,SEGMENTS AND SECTORS,BM&FBOVESPA BASIC MATERIALS INDEX (IMAT)
11,GOAU4,GERDAU MET,IMAT,SEGMENTS AND SECTORS,BM&FBOVESPA BASIC MATERIALS INDEX (IMAT)
12,DXCO3,DEXCO,IMAT,SEGMENTS AND SECTORS,BM&FBOVESPA BASIC MATERIALS INDEX (IMAT)
13,USIM3,USIMINAS,IMAT,SEGMENTS AND SECTORS,BM&FBOVESPA BASIC MATERIALS INDEX (IMAT)
14,USIM5,USIMINAS,IMAT,SEGMENTS AND SECTORS,BM&FBOVESPA BASIC MATERIALS INDEX (IMAT)
15,FESA4,FERBASA,IMAT,SEGMENTS AND SECTORS,BM&FBOVESPA BASIC MATERIALS INDEX (IMAT)
16,VALE3,VALE,IMAT,SEGMENTS AND SECTORS,BM&FBOVESPA BASIC MATERIALS INDEX (IMAT)
17,AALR3,ALLIAR,ICON,SEGMENTS AND SECTORS,BM&FBOVESPA CONSUMER STOCK INDEX (ICON)
18,ALPA4,ALPARGATAS,ICON,SEGMENTS AND SECTORS,BM&FBOVESPA CONSUMER STOCK INDEX (ICON)
19,ABEV3,AMBEV S/A,ICON,SEGMENTS AND SECTORS,BM&FBOVESPA CONSUMER STOCK INDEX (ICON)
20,AMER3,AMERICANAS,ICON,SEGMENTS AND SECTORS,BM&FBOVESPA CONSUMER STOCK INDEX (ICON)
21,ANIM3,ANIMA,ICON,SEGMENTS AND SECTORS,BM&FBOVESPA CONSUMER STOCK INDEX (ICON)
22,CMIN3,CSNMINERACAO,IMAT,SEGMENTS AND SECTORS,BM&FBOVESPA BASIC MATERIALS INDEX (IMAT)
23,ARZZ3,AREZZO CO,ICON,SEGMENTS AND SECTORS,BM&FBOVESPA CONSUMER STOCK INDEX (ICON)
24,ASAI3,ASSAI,ICON,SEGMENTS AND SECTORS,BM&FBOVESPA CONSUMER STOCK INDEX (ICON)
25,BKBR3,BK BRASIL,ICON,SEGMENTS AND SECTORS,BM&FBOVESPA CONSUMER STOCK INDEX (ICON)
26,AGRO3,BRASILAGRO,ICON,SEGMENTS AND SECTORS,BM&FBOVESPA CONSUMER STOCK INDEX (ICON)
27,BRFS3,BRF SA,ICON,SEGMENTS AND SECTORS,BM&FBOVESPA CONSUMER STOCK INDEX (ICON)
28,CAML3,CAMIL,ICON,SEGMENTS AND SECTORS,BM&FBOVESPA CONSUMER STOCK INDEX (ICON)
29,CRFB3,CARREFOUR BR,ICON,SEGMENTS AND SECTORS,BM&FBOVESPA CONSUMER STOCK INDEX (ICON)
30,CEAB3,CEA MODAS,ICON,SEGMENTS AND SECTORS,BM&FBOVESPA CONSUMER STOCK INDEX (ICON)
31,HGTX3,CIA HERING,ICON,SEGMENTS AND SECTORS,BM&FBOVESPA CONSUMER STOCK INDEX (ICON)
32,COGN3,COGNA ON,ICON,SEGMENTS AND SECTORS,BM&FBOVESPA CONSUMER STOCK INDEX (ICON)
33,CURY3,CURY S/A,ICON,SEGMENTS AND SECTORS,BM&FBOVESPA CONSUMER STOCK INDEX (ICON)
34,CVCB3,CVC BRASIL,ICON,SEGMENTS AND SECTORS,BM&FBOVESPA CONSUMER STOCK INDEX (ICON)
35,CYRE3,CYRELA REALT,ICON,SEGMENTS AND SECTORS,BM&FBOVESPA CONSUMER STOCK INDEX (ICON)
36,PNVL3,DIMED,ICON,SEGMENTS AND SECTORS,BM&FBOVESPA CONSUMER STOCK INDEX (ICON)
37,DIRR3,DIRECIONAL,ICON,SEGMENTS AND SECTORS,BM&FBOVESPA CONSUMER STOCK INDEX (ICON)
38,ESPA3,ESPACOLASER,ICON,SEGMENTS AND SECTORS,BM&FBOVESPA CONSUMER STOCK INDEX (ICON)
39,EVEN3,EVEN,ICON,SEGMENTS AND SECTORS,BM&FBOVESPA CONSUMER STOCK INDEX (ICON)
40,EZTC3,EZTEC,ICON,SEGMENTS AND SECTORS,BM&FBOVESPA CONSUMER STOCK INDEX (ICON)
41,FLRY3,FLEURY,ICON,SEGMENTS AND SECTORS,BM&FBOVESPA CONSUMER STOCK INDEX (ICON)
42,GFSA3,GAFISA,ICON,SEGMENTS AND SECTORS,BM&FBOVESPA CONSUMER STOCK INDEX (ICON)
43,GRND3,GRENDENE,ICON,SEGMENTS AND SECTORS,BM&FBOVESPA CONSUMER STOCK INDEX (ICON)
44,GMAT3,GRUPO MATEUS,ICON,SEGMENTS AND SECTORS,BM&FBOVESPA CONSUMER STOCK INDEX (ICON)
45,NTCO3,GRUPO NATURA,ICON,SEGMENTS AND SECTORS,BM&FBOVESPA CONSUMER STOCK INDEX (ICON)
46,SBFG3,GRUPO SBF,ICON,SEGMENTS AND SECTORS,BM&FBOVESPA CONSUMER STOCK INDEX (ICON)
47,SOMA3,GRUPO SOMA,ICON,SEGMENTS AND SECTORS,BM&FBOVESPA CONSUMER STOCK INDEX (ICON)
48,GUAR3,GUARARAPES,ICON,SEGMENTS AND SECTORS,BM&FBOVESPA CONSUMER STOCK INDEX (ICON)
49,HAPV3,HAPVIDA,ICON,SEGMENTS AND SECTORS,BM&FBOVESPA CONSUMER STOCK INDEX (ICON)
50,HBOR3,HELBOR,ICON,SEGMENTS AND SECTORS,BM&FBOVESPA CONSUMER STOCK INDEX (ICON)
51,HYPE3,HYPERA,ICON,SEGMENTS AND SECTORS,BM&FBOVESPA CONSUMER STOCK INDEX (ICON)
52,PARD3,IHPARDINI,ICON,SEGMENTS AND SECTORS,BM&FBOVESPA CONSUMER STOCK INDEX (ICON)
53,MEAL3,IMC S/A,ICON,SEGMENTS AND SECTORS,BM&FBOVESPA CONSUMER STOCK INDEX (ICON)
54,GNDI3,INTERMEDICA,ICON,SEGMENTS AND SECTORS,BM&FBOVESPA CONSUMER STOCK INDEX (ICON)
55,MYPK3,IOCHP-MAXION,ICON,SEGMENTS AND SECTORS,BM&FBOVESPA CONSUMER STOCK INDEX (ICON)
56,JBSS3,JBS,ICON,SEGMENTS AND SECTORS,BM&FBOVESPA CONSUMER STOCK INDEX (ICON)
57,JHSF3,JHSF PART,ICON,SEGMENTS AND SECTORS,BM&FBOVESPA CONSUMER STOCK INDEX (ICON)
58,LAVV3,LAVVI,ICON,SEGMENTS AND SECTORS,BM&FBOVESPA CONSUMER STOCK INDEX (ICON)
59,RENT3,LOCALIZA,ICON,SEGMENTS AND SECTORS,BM&FBOVESPA CONSUMER STOCK INDEX (ICON)
60,LCAM3,LOCAMERICA,ICON,SEGMENTS AND SECTORS,BM&FBOVESPA CONSUMER STOCK INDEX (ICON)
61,LAME3,LOJAS AMERIC,ICON,SEGMENTS AND SECTORS,BM&FBOVESPA CONSUMER STOCK INDEX (ICON)
62,LAME4,LOJAS AMERIC,ICON,SEGMENTS AND SECTORS,BM&FBOVESPA CONSUMER STOCK INDEX (ICON)
63,AMAR3,LOJAS MARISA,ICON,SEGMENTS AND SECTORS,BM&FBOVESPA CONSUMER STOCK INDEX (ICON)
64,LREN3,LOJAS RENNER,ICON,SEGMENTS AND SECTORS,BM&FBOVESPA CONSUMER STOCK INDEX (ICON)
65,MDIA3,M.DIASBRANCO,ICON,SEGMENTS AND SECTORS,BM&FBOVESPA CONSUMER STOCK INDEX (ICON)
66,MGLU3,MAGAZ LUIZA,ICON,SEGMENTS AND SECTORS,BM&FBOVESPA CONSUMER STOCK INDEX (ICON)
67,MRFG3,MARFRIG,ICON,SEGMENTS AND SECTORS,BM&FBOVESPA CONSUMER STOCK INDEX (ICON)
68,MELK3,MELNICK,ICON,SEGMENTS AND SECTORS,BM&FBOVESPA CONSUMER STOCK INDEX (ICON)
69,LEVE3,METAL LEVE,ICON,SEGMENTS AND SECTORS,BM&FBOVESPA CONSUMER STOCK INDEX (ICON)
70,BEEF3,MINERVA,ICON,SEGMENTS AND SECTORS,BM&FBOVESPA CONSUMER STOCK INDEX (ICON)
71,MTRE3,MITRE REALTY,ICON,SEGMENTS AND SECTORS,BM&FBOVESPA CONSUMER STOCK INDEX (ICON)
72,MOVI3,MOVIDA,ICON,SEGMENTS AND SECTORS,BM&FBOVESPA CONSUMER STOCK INDEX (ICON)
73,MRVE3,MRV,ICON,SEGMENTS AND SECTORS,BM&FBOVESPA CONSUMER STOCK INDEX (ICON)
74,ODPV3,ODONTOPREV,ICON,SEGMENTS AND SECTORS,BM&FBOVESPA CONSUMER STOCK INDEX (ICON)
75,PCAR3,P.ACUCAR-CBD,ICON,SEGMENTS AND SECTORS,BM&FBOVESPA CONSUMER STOCK INDEX (ICON)
76,PGMN3,PAGUE MENOS,ICON,SEGMENTS AND SECTORS,BM&FBOVESPA CONSUMER STOCK INDEX (ICON)
77,PETZ3,PETZ,ICON,SEGMENTS AND SECTORS,BM&FBOVESPA CONSUMER STOCK INDEX (ICON)
78,PLPL3,PLANOEPLANO,ICON,SEGMENTS AND SECTORS,BM&FBOVESPA CONSUMER STOCK INDEX (ICON)
79,QUAL3,QUALICORP,ICON,SEGMENTS AND SECTORS,BM&FBOVESPA CONSUMER STOCK INDEX (ICON)
80,LJQQ3,QUERO-QUERO,ICON,SEGMENTS AND SECTORS,BM&FBOVESPA CONSUMER STOCK INDEX (ICON)
81,RADL3,RAIADROGASIL,ICON,SEGMENTS AND SECTORS,BM&FBOVESPA CONSUMER STOCK INDEX (ICON)
82,RDOR3,REDE D OR,ICON,SEGMENTS AND SECTORS,BM&FBOVESPA CONSUMER STOCK INDEX (ICON)
83,SMTO3,SAO MARTINHO,ICON,SEGMENTS AND SECTORS,BM&FBOVESPA CONSUMER STOCK INDEX (ICON)
84,SEER3,SER EDUCA,ICON,SEGMENTS AND SECTORS,BM&FBOVESPA CONSUMER STOCK INDEX (ICON)
85,SLCE3,SLC AGRICOLA,ICON,SEGMENTS AND SECTORS,BM&FBOVESPA CONSUMER STOCK INDEX (ICON)
86,TECN3,TECHNOS,ICON,SEGMENTS AND SECTORS,BM&FBOVESPA CONSUMER STOCK INDEX (ICON)
87,TCSA3,TECNISA,ICON,SEGMENTS AND SECTORS,BM&FBOVESPA CONSUMER STOCK INDEX (ICON)
88,TEND3,TENDA,ICON,SEGMENTS AND SECTORS,BM&FBOVESPA CONSUMER STOCK INDEX (ICON)
89,SHOW3,TIME FOR FUN,ICON,SEGMENTS AND SECTORS,BM&FBOVESPA CONSUMER STOCK INDEX (ICON)
90,TRIS3,TRISUL,ICON,SEGMENTS AND SECTORS,BM&FBOVESPA CONSUMER STOCK INDEX (ICON)
91,VAMO3,VAMOS,ICON,SEGMENTS AND SECTORS,BM&FBOVESPA CONSUMER STOCK INDEX (ICON)
92,VIIA3,VIA,ICON,SEGMENTS AND SECTORS,BM&FBOVESPA CONSUMER STOCK INDEX (ICON)
93,VIVA3,VIVARA S.A.,ICON,SEGMENTS AND SECTORS,BM&FBOVESPA CONSUMER STOCK INDEX (ICON)
94,VULC3,VULCABRAS,ICON,SEGMENTS AND SECTORS,BM&FBOVESPA CONSUMER STOCK INDEX (ICON)
95,YDUQ3,YDUQS PART,ICON,SEGMENTS AND SECTORS,BM&FBOVESPA CONSUMER STOCK INDEX (ICON)
96,ABCB4,ABC BRASIL,IDIV,SEGMENTS AND SECTORS,BM&FBOVESPA DIVIDEND INDEX (IDIV)
97,BRSR6,BANRISUL,IDIV,SEGMENTS AND SECTORS,BM&FBOVESPA DIVIDEND INDEX (IDIV)
98,BBSE3,BBSEGURIDADE,IDIV,SEGMENTS AND SECTORS,BM&FBOVESPA DIVIDEND INDEX (IDIV)
99,BBDC3,BRADESCO,IDIV,SEGMENTS AND SECTORS,BM&FBOVESPA DIVIDEND INDEX (IDIV)
100,BBDC4,BRADESCO,IDIV,SEGMENTS AND SECTORS,BM&FBOVESPA DIVIDEND INDEX (IDIV)
101,BBAS3,BRASIL,IDIV,SEGMENTS AND SECTORS,BM&FBOVESPA DIVIDEND INDEX (IDIV)
102,CCRO3,CCR SA,IDIV,SEGMENTS AND SECTORS,BM&FBOVESPA DIVIDEND INDEX (IDIV)
103,CMIG3,CEMIG,IDIV,SEGMENTS AND SECTORS,BM&FBOVESPA DIVIDEND INDEX (IDIV)
104,CMIG4,CEMIG,IDIV,SEGMENTS AND SECTORS,BM&FBOVESPA DIVIDEND INDEX (IDIV)
105,CESP6,CESP,IDIV,SEGMENTS AND SECTORS,BM&FBOVESPA DIVIDEND INDEX (IDIV)
106,CSMG3,COPASA,IDIV,SEGMENTS AND SECTORS,BM&FBOVESPA DIVIDEND INDEX (IDIV)
107,CPLE3,COPEL,IDIV,SEGMENTS AND SECTORS,BM&FBOVESPA DIVIDEND INDEX (IDIV)
108,CPLE6,COPEL,IDIV,SEGMENTS AND SECTORS,BM&FBOVESPA DIVIDEND INDEX (IDIV)
109,CPFE3,CPFL ENERGIA,IDIV,SEGMENTS AND SECTORS,BM&FBOVESPA DIVIDEND INDEX (IDIV)
110,ELET3,ELETROBRAS,IDIV,SEGMENTS AND SECTORS,BM&FBOVESPA DIVIDEND INDEX (IDIV)
111,ELET6,ELETROBRAS,IDIV,SEGMENTS AND SECTORS,BM&FBOVESPA DIVIDEND INDEX (IDIV)
112,ENAT3,ENAUTA PART,IDIV,SEGMENTS AND SECTORS,BM&FBOVESPA DIVIDEND INDEX (IDIV)
113,ENBR3,ENERGIAS BR,IDIV,SEGMENTS AND SECTORS,BM&FBOVESPA DIVIDEND INDEX (IDIV)
114,EGIE3,ENGIE BRASIL,IDIV,SEGMENTS AND SECTORS,BM&FBOVESPA DIVIDEND INDEX (IDIV)
115,ROMI3,INDS ROMI,IDIV,SEGMENTS AND SECTORS,BM&FBOVESPA DIVIDEND INDEX (IDIV)
116,ITSA4,ITAUSA,IDIV,SEGMENTS AND SECTORS,BM&FBOVESPA DIVIDEND INDEX (IDIV)
117,ITUB3,ITAUUNIBANCO,IDIV,SEGMENTS AND SECTORS,BM&FBOVESPA DIVIDEND INDEX (IDIV)
118,ITUB4,ITAUUNIBANCO,IDIV,SEGMENTS AND SECTORS,BM&FBOVESPA DIVIDEND INDEX (IDIV)
119,PETR4,PETROBRAS,IDIV,SEGMENTS AND SECTORS,BM&FBOVESPA DIVIDEND INDEX (IDIV)
120,BRDT3,PETROBRAS BR,IDIV,SEGMENTS AND SECTORS,BM&FBOVESPA DIVIDEND INDEX (IDIV)
121,PSSA3,PORTO SEGURO,IDIV,SEGMENTS AND SECTORS,BM&FBOVESPA DIVIDEND INDEX (IDIV)
122,SAPR4,SANEPAR,IDIV,SEGMENTS AND SECTORS,BM&FBOVESPA DIVIDEND INDEX (IDIV)
123,SANB11,SANTANDER BR,IDIV,SEGMENTS AND SECTORS,BM&FBOVESPA DIVIDEND INDEX (IDIV)
124,SYNE3,SYN PROP TEC,IDIV,SEGMENTS AND SECTORS,BM&FBOVESPA DIVIDEND INDEX (IDIV)
125,TAEE11,TAESA,IDIV,SEGMENTS AND SECTORS,BM&FBOVESPA DIVIDEND INDEX (IDIV)
126,TGMA3,TEGMA,IDIV,SEGMENTS AND SECTORS,BM&FBOVESPA DIVIDEND INDEX (IDIV)
127,VIVT3,TELEF BRASIL,IDIV,SEGMENTS AND SECTORS,BM&FBOVESPA DIVIDEND INDEX (IDIV)
128,TRPL4,TRAN PAULIST,IDIV,SEGMENTS AND SECTORS,BM&FBOVESPA DIVIDEND INDEX (IDIV)
129,WIZS3,WIZ S.A.,IDIV,SEGMENTS AND SECTORS,BM&FBOVESPA DIVIDEND INDEX (IDIV)
130,AESB3,AES BRASIL,IEEX,SEGMENTS AND SECTORS,BM&FBOVESPA ELECTRIC UTILITIES INDEX (IEE)
131,ALUP11,ALUPAR,IEEX,SEGMENTS AND SECTORS,BM&FBOVESPA ELECTRIC UTILITIES INDEX (IEE)
132,COCE5,COELCE,IEEX,SEGMENTS AND SECTORS,BM&FBOVESPA ELECTRIC UTILITIES INDEX (IEE)
133,ENGI11,ENERGISA,IEEX,SEGMENTS AND SECTORS,BM&FBOVESPA ELECTRIC UTILITIES INDEX (IEE)
134,ENEV3,ENEVA,IEEX,SEGMENTS AND SECTORS,BM&FBOVESPA ELECTRIC UTILITIES INDEX (IEE)
135,EQTL3,EQUATORIAL,IEEX,SEGMENTS AND SECTORS,BM&FBOVESPA ELECTRIC UTILITIES INDEX (IEE)
136,LIGT3,LIGHT S/A,IEEX,SEGMENTS AND SECTORS,BM&FBOVESPA ELECTRIC UTILITIES INDEX (IEE)
137,NEOE3,NEOENERGIA,IEEX,SEGMENTS AND SECTORS,BM&FBOVESPA ELECTRIC UTILITIES INDEX (IEE)
138,OMGE3,OMEGA GER,IEEX,SEGMENTS AND SECTORS,BM&FBOVESPA ELECTRIC UTILITIES INDEX (IEE)
139,B3SA3,B3,IFNC,SEGMENTS AND SECTORS,BM&FBOVESPA FINANCIALS INDEX (IFNC)
140,BMGB4,BANCO BMG,IFNC,SEGMENTS AND SECTORS,BM&FBOVESPA FINANCIALS INDEX (IFNC)
141,BIDI4,BANCO INTER,IFNC,SEGMENTS AND SECTORS,BM&FBOVESPA FINANCIALS INDEX (IFNC)
142,BIDI11,BANCO INTER,IFNC,SEGMENTS AND SECTORS,BM&FBOVESPA FINANCIALS INDEX (IFNC)
143,BPAN4,BANCO PAN,IFNC,SEGMENTS AND SECTORS,BM&FBOVESPA FINANCIALS INDEX (IFNC)
144,BOAS3,BOA VISTA,IFNC,SEGMENTS AND SECTORS,BM&FBOVESPA FINANCIALS INDEX (IFNC)
145,BPAC11,BTGP BANCO,IFNC,SEGMENTS AND SECTORS,BM&FBOVESPA FINANCIALS INDEX (IFNC)
146,CXSE3,CAIXA SEGURI,IFNC,SEGMENTS AND SECTORS,BM&FBOVESPA FINANCIALS INDEX (IFNC)
147,CIEL3,CIELO,IFNC,SEGMENTS AND SECTORS,BM&FBOVESPA FINANCIALS INDEX (IFNC)
148,CARD3,CSU CARDSYST,IFNC,SEGMENTS AND SECTORS,BM&FBOVESPA FINANCIALS INDEX (IFNC)
149,SULA11,SUL AMERICA,IFNC,SEGMENTS AND SECTORS,BM&FBOVESPA FINANCIALS INDEX (IFNC)
150,AERI3,AERIS,INDX,SEGMENTS AND SECTORS,BM&FBOVESPA INDUSTRIALS INDEX (INDX)
151,EMBR3,EMBRAER,INDX,SEGMENTS AND SECTORS,BM&FBOVESPA INDUSTRIALS INDEX (INDX)
152,INTB3,INTELBRAS,INDX,SEGMENTS AND SECTORS,BM&FBOVESPA INDUSTRIALS INDEX (INDX)
153,POMO4,MARCOPOLO,INDX,SEGMENTS AND SECTORS,BM&FBOVESPA INDUSTRIALS INDEX (INDX)
154,PTBL3,PORTOBELLO,INDX,SEGMENTS AND SECTORS,BM&FBOVESPA INDUSTRIALS INDEX (INDX)
155,POSI3,POSITIVO TEC,INDX,SEGMENTS AND SECTORS,BM&FBOVESPA INDUSTRIALS INDEX (INDX)
156,RAPT4,RANDON PART,INDX,SEGMENTS AND SECTORS,BM&FBOVESPA INDUSTRIALS INDEX (INDX)
157,TASA4,TAURUS ARMAS,INDX,SEGMENTS AND SECTORS,BM&FBOVESPA INDUSTRIALS INDEX (INDX)
158,TUPY3,TUPY,INDX,SEGMENTS AND SECTORS,BM&FBOVESPA INDUSTRIALS INDEX (INDX)
159,WEGE3,WEG,INDX,SEGMENTS AND SECTORS,BM&FBOVESPA INDUSTRIALS INDEX (INDX)
160,AMBP3,AMBIPAR,UTIL,SEGMENTS AND SECTORS,BM&FBOVESPA PUBLIC UTILITIES INDEX (UTIL)
161,SBSP3,SABESP,UTIL,SEGMENTS AND SECTORS,BM&FBOVESPA PUBLIC UTILITIES INDEX (UTIL)
162,SAPR11,SANEPAR,UTIL,SEGMENTS AND SECTORS,BM&FBOVESPA PUBLIC UTILITIES INDEX (UTIL)
163,ALSO3,ALIANSCSONAE,IMOB,SEGMENTS AND SECTORS,BM&FBOVESPA REAL ESTATE INDEX (IMOB)
164,BBRK3,BR BROKERS,IMOB,SEGMENTS AND SECTORS,BM&FBOVESPA REAL ESTATE INDEX (IMOB)
165,BRML3,BR MALLS PAR,IMOB,SEGMENTS AND SECTORS,BM&FBOVESPA REAL ESTATE INDEX (IMOB)
166,BRPR3,BR PROPERT,IMOB,SEGMENTS AND SECTORS,BM&FBOVESPA REAL ESTATE INDEX (IMOB)
167,IGTA3,IGUATEMI,IMOB,SEGMENTS AND SECTORS,BM&FBOVESPA REAL ESTATE INDEX (IMOB)
168,JPSA3,JEREISSATI,IMOB,SEGMENTS AND SECTORS,BM&FBOVESPA REAL ESTATE INDEX (IMOB)
169,LOGG3,LOG COM PROP,IMOB,SEGMENTS AND SECTORS,BM&FBOVESPA REAL ESTATE INDEX (IMOB)
170,LPSB3,LOPES BRASIL,IMOB,SEGMENTS AND SECTORS,BM&FBOVESPA REAL ESTATE INDEX (IMOB)
171,MULT3,MULTIPLAN,IMOB,SEGMENTS AND SECTORS,BM&FBOVESPA REAL ESTATE INDEX (IMOB)
172,BPFF11,FII ABSOLUTO,IFIL,SEGMENTS AND SECTORS,HIGH LIQUIDITY REAL ESTATE INVESTMENT FUND INDEX (IFIX L B3)
173,ALZR11,FII ALIANZA,IFIL,SEGMENTS AND SECTORS,HIGH LIQUIDITY REAL ESTATE INVESTMENT FUND INDEX (IFIX L B3)
174,BARI11,FII BARIGUI,IFIL,SEGMENTS AND SECTORS,HIGH LIQUIDITY REAL ESTATE INVESTMENT FUND INDEX (IFIX L B3)
175,BBPO11,FII BB PRGII,IFIL,SEGMENTS AND SECTORS,HIGH LIQUIDITY REAL ESTATE INVESTMENT FUND INDEX (IFIX L B3)
176,BCFF11,FII BC FFII,IFIL,SEGMENTS AND SECTORS,HIGH LIQUIDITY REAL ESTATE INVESTMENT FUND INDEX (IFIX L B3)
177,BRCR11,FII BC FUND,IFIL,SEGMENTS AND SECTORS,HIGH LIQUIDITY REAL ESTATE INVESTMENT FUND INDEX (IFIX L B3)
178,BCRI11,FII BEES CRI,IFIL,SEGMENTS AND SECTORS,HIGH LIQUIDITY REAL ESTATE INVESTMENT FUND INDEX (IFIX L B3)
179,BRCO11,FII BRESCO,IFIL,SEGMENTS AND SECTORS,HIGH LIQUIDITY REAL ESTATE INVESTMENT FUND INDEX (IFIX L B3)
180,BTLG11,FII BTLG,IFIL,SEGMENTS AND SECTORS,HIGH LIQUIDITY REAL ESTATE INVESTMENT FUND INDEX (IFIX L B3)
181,CPTS11,FII CAPI SEC,IFIL,SEGMENTS AND SECTORS,HIGH LIQUIDITY REAL ESTATE INVESTMENT FUND INDEX (IFIX L B3)
182,HGCR11,FII CSHG CRI,IFIL,SEGMENTS AND SECTORS,HIGH LIQUIDITY REAL ESTATE INVESTMENT FUND INDEX (IFIX L B3)
183,HGLG11,FII CSHG LOG,IFIL,SEGMENTS AND SECTORS,HIGH LIQUIDITY REAL ESTATE INVESTMENT FUND INDEX (IFIX L B3)
184,HGRU11,FII CSHG URB,IFIL,SEGMENTS AND SECTORS,HIGH LIQUIDITY REAL ESTATE INVESTMENT FUND INDEX (IFIX L B3)
185,DEVA11,FII DEVANT,IFIL,SEGMENTS AND SECTORS,HIGH LIQUIDITY REAL ESTATE INVESTMENT FUND INDEX (IFIX L B3)
186,VRTA11,FII FATOR VE,IFIL,SEGMENTS AND SECTORS,HIGH LIQUIDITY REAL ESTATE INVESTMENT FUND INDEX (IFIX L B3)
187,GTWR11,FII G TOWERS,IFIL,SEGMENTS AND SECTORS,HIGH LIQUIDITY REAL ESTATE INVESTMENT FUND INDEX (IFIX L B3)
188,GGRC11,FII GGRCOVEP,IFIL,SEGMENTS AND SECTORS,HIGH LIQUIDITY REAL ESTATE INVESTMENT FUND INDEX (IFIX L B3)
189,HABT11,FII HABIT II,IFIL,SEGMENTS AND SECTORS,HIGH LIQUIDITY REAL ESTATE INVESTMENT FUND INDEX (IFIX L B3)
190,HCTR11,FII HECTARE,IFIL,SEGMENTS AND SECTORS,HIGH LIQUIDITY REAL ESTATE INVESTMENT FUND INDEX (IFIX L B3)
191,HGBS11,FII HEDGEBS,IFIL,SEGMENTS AND SECTORS,HIGH LIQUIDITY REAL ESTATE INVESTMENT FUND INDEX (IFIX L B3)
192,HGRE11,FII HG REAL,IFIL,SEGMENTS AND SECTORS,HIGH LIQUIDITY REAL ESTATE INVESTMENT FUND INDEX (IFIX L B3)
193,HSML11,FII HSI MALL,IFIL,SEGMENTS AND SECTORS,HIGH LIQUIDITY REAL ESTATE INVESTMENT FUND INDEX (IFIX L B3)
194,HFOF11,FII HTOPFOF3,IFIL,SEGMENTS AND SECTORS,HIGH LIQUIDITY REAL ESTATE INVESTMENT FUND INDEX (IFIX L B3)
195,IRDM11,FII IRIDIUM,IFIL,SEGMENTS AND SECTORS,HIGH LIQUIDITY REAL ESTATE INVESTMENT FUND INDEX (IFIX L B3)
196,JSRE11,FII JS REAL,IFIL,SEGMENTS AND SECTORS,HIGH LIQUIDITY REAL ESTATE INVESTMENT FUND INDEX (IFIX L B3)
197,KISU11,FII KILIMA,IFIL,SEGMENTS AND SECTORS,HIGH LIQUIDITY REAL ESTATE INVESTMENT FUND INDEX (IFIX L B3)
198,KNRI11,FII KINEA,IFIL,SEGMENTS AND SECTORS,HIGH LIQUIDITY REAL ESTATE INVESTMENT FUND INDEX (IFIX L B3)
199,KNHY11,FII KINEA HY,IFIL,SEGMENTS AND SECTORS,HIGH LIQUIDITY REAL ESTATE INVESTMENT FUND INDEX (IFIX L B3)
200,KNIP11,FII KINEA IP,IFIL,SEGMENTS AND SECTORS,HIGH LIQUIDITY REAL ESTATE INVESTMENT FUND INDEX (IFIX L B3)
201,KNCR11,FII KINEA RI,IFIL,SEGMENTS AND SECTORS,HIGH LIQUIDITY REAL ESTATE INVESTMENT FUND INDEX (IFIX L B3)
202,KNSC11,FII KINEA SC,IFIL,SEGMENTS AND SECTORS,HIGH LIQUIDITY REAL ESTATE INVESTMENT FUND INDEX (IFIX L B3)
203,MALL11,FII MALLS BP,IFIL,SEGMENTS AND SECTORS,HIGH LIQUIDITY REAL ESTATE INVESTMENT FUND INDEX (IFIX L B3)
204,MCCI11,FII MAUA,IFIL,SEGMENTS AND SECTORS,HIGH LIQUIDITY REAL ESTATE INVESTMENT FUND INDEX (IFIX L B3)
205,MXRF11,FII MAXI REN,IFIL,SEGMENTS AND SECTORS,HIGH LIQUIDITY REAL ESTATE INVESTMENT FUND INDEX (IFIX L B3)
206,MGFF11,FII MOGNO,IFIL,SEGMENTS AND SECTORS,HIGH LIQUIDITY REAL ESTATE INVESTMENT FUND INDEX (IFIX L B3)
207,PATL11,FII PATR LOG,IFIL,SEGMENTS AND SECTORS,HIGH LIQUIDITY REAL ESTATE INVESTMENT FUND INDEX (IFIX L B3)
208,RBRP11,FII RBR PROP,IFIL,SEGMENTS AND SECTORS,HIGH LIQUIDITY REAL ESTATE INVESTMENT FUND INDEX (IFIX L B3)
209,RBRF11,FII RBRALPHA,IFIL,SEGMENTS AND SECTORS,HIGH LIQUIDITY REAL ESTATE INVESTMENT FUND INDEX (IFIX L B3)
210,RBRR11,FII RBRHGRAD,IFIL,SEGMENTS AND SECTORS,HIGH LIQUIDITY REAL ESTATE INVESTMENT FUND INDEX (IFIX L B3)
211,RECR11,FII REC RECE,IFIL,SEGMENTS AND SECTORS,HIGH LIQUIDITY REAL ESTATE INVESTMENT FUND INDEX (IFIX L B3)
212,RECT11,FII REC REND,IFIL,SEGMENTS AND SECTORS,HIGH LIQUIDITY REAL ESTATE INVESTMENT FUND INDEX (IFIX L B3)
213,RBVA11,FII RIOB VA,IFIL,SEGMENTS AND SECTORS,HIGH LIQUIDITY REAL ESTATE INVESTMENT FUND INDEX (IFIX L B3)
214,RZTR11,FII RIZA TX,IFIL,SEGMENTS AND SECTORS,HIGH LIQUIDITY REAL ESTATE INVESTMENT FUND INDEX (IFIX L B3)
215,SDIL11,FII SDI LOG,IFIL,SEGMENTS AND SECTORS,HIGH LIQUIDITY REAL ESTATE INVESTMENT FUND INDEX (IFIX L B3)
216,TGAR11,FII TG ATIVO,IFIL,SEGMENTS AND SECTORS,HIGH LIQUIDITY REAL ESTATE INVESTMENT FUND INDEX (IFIX L B3)
217,TORD11,FII TORDE EI,IFIL,SEGMENTS AND SECTORS,HIGH LIQUIDITY REAL ESTATE INVESTMENT FUND INDEX (IFIX L B3)
218,TRXF11,FII TRX REAL,IFIL,SEGMENTS AND SECTORS,HIGH LIQUIDITY REAL ESTATE INVESTMENT FUND INDEX (IFIX L B3)
219,URPR11,FII URCA REN,IFIL,SEGMENTS AND SECTORS,HIGH LIQUIDITY REAL ESTATE INVESTMENT FUND INDEX (IFIX L B3)
220,VGIP11,FII VALORAIP,IFIL,SEGMENTS AND SECTORS,HIGH LIQUIDITY REAL ESTATE INVESTMENT FUND INDEX (IFIX L B3)
221,CVBI11,FII VBI CRI,IFIL,SEGMENTS AND SECTORS,HIGH LIQUIDITY REAL ESTATE INVESTMENT FUND INDEX (IFIX L B3)
222,LVBI11,FII VBI LOG,IFIL,SEGMENTS AND SECTORS,HIGH LIQUIDITY REAL ESTATE INVESTMENT FUND INDEX (IFIX L B3)
223,PVBI11,FII VBI PRI,IFIL,SEGMENTS AND SECTORS,HIGH LIQUIDITY REAL ESTATE INVESTMENT FUND INDEX (IFIX L B3)
224,VILG11,FII VINCI LG,IFIL,SEGMENTS AND SECTORS,HIGH LIQUIDITY REAL ESTATE INVESTMENT FUND INDEX (IFIX L B3)
225,VINO11,FII VINCI OF,IFIL,SEGMENTS AND SECTORS,HIGH LIQUIDITY REAL ESTATE INVESTMENT FUND INDEX (IFIX L B3)
226,VISC11,FII VINCI SC,IFIL,SEGMENTS AND SECTORS,HIGH LIQUIDITY REAL ESTATE INVESTMENT FUND INDEX (IFIX L B3)
227,XPCI11,FII XP CRED,IFIL,SEGMENTS AND SECTORS,HIGH LIQUIDITY REAL ESTATE INVESTMENT FUND INDEX (IFIX L B3)
228,XPIN11,FII XP INDL,IFIL,SEGMENTS AND SECTORS,HIGH LIQUIDITY REAL ESTATE INVESTMENT FUND INDEX (IFIX L B3)
229,XPLG11,FII XP LOG,IFIL,SEGMENTS AND SECTORS,HIGH LIQUIDITY REAL ESTATE INVESTMENT FUND INDEX (IFIX L B3)
230,XPCM11,FII XP MACAE,IFIL,SEGMENTS AND SECTORS,HIGH LIQUIDITY REAL ESTATE INVESTMENT FUND INDEX (IFIX L B3)
231,XPML11,FII XP MALLS,IFIL,SEGMENTS AND SECTORS,HIGH LIQUIDITY REAL ESTATE INVESTMENT FUND INDEX (IFIX L B3)
232,XPPR11,FII XP PROP,IFIL,SEGMENTS AND SECTORS,HIGH LIQUIDITY REAL ESTATE INVESTMENT FUND INDEX (IFIX L B3)
233,XPSF11,FII XP SELEC,IFIL,SEGMENTS AND SECTORS,HIGH LIQUIDITY REAL ESTATE INVESTMENT FUND INDEX (IFIX L B3)
234,CSAN3,COSAN,MLCX,SEGMENTS AND SECTORS,MIDLARGECAP INDEX (MLCX)
235,PETR3,PETROBRAS,MLCX,SEGMENTS AND SECTORS,MIDLARGECAP INDEX (MLCX)
236,PRIO3,PETRORIO,MLCX,SEGMENTS AND SECTORS,MIDLARGECAP INDEX (MLCX)
237,RAIL3,RUMO S.A.,MLCX,SEGMENTS AND SECTORS,MIDLARGECAP INDEX (MLCX)
238,TIMS3,TIM,MLCX,SEGMENTS AND SECTORS,MIDLARGECAP INDEX (MLCX)
239,TOTS3,TOTVS,MLCX,SEGMENTS AND SECTORS,MIDLARGECAP INDEX (MLCX)
240,UGPA3,ULTRAPAR,MLCX,SEGMENTS AND SECTORS,MIDLARGECAP INDEX (MLCX)
241,ARCT11,FII ARCTIUM,IFIX,SEGMENTS AND SECTORS,REAL ESTATE INVESTMENT FUND INDEX (IFIX)
242,AIEC11,FII AUTONOMY,IFIX,SEGMENTS AND SECTORS,REAL ESTATE INVESTMENT FUND INDEX (IFIX)
243,BCIA11,FII BCIA,IFIX,SEGMENTS AND SECTORS,REAL ESTATE INVESTMENT FUND INDEX (IFIX)
244,BLMR11,FII BLUE FOF,IFIX,SEGMENTS AND SECTORS,REAL ESTATE INVESTMENT FUND INDEX (IFIX)
245,BZLI11,FII BRREALTY,IFIX,SEGMENTS AND SECTORS,REAL ESTATE INVESTMENT FUND INDEX (IFIX)
246,BTAL11,FII BTG AGRO,IFIX,SEGMENTS AND SECTORS,REAL ESTATE INVESTMENT FUND INDEX (IFIX)
247,BTCR11,FII BTG CRI,IFIX,SEGMENTS AND SECTORS,REAL ESTATE INVESTMENT FUND INDEX (IFIX)
248,CPFF11,FII CAP REIT,IFIX,SEGMENTS AND SECTORS,REAL ESTATE INVESTMENT FUND INDEX (IFIX)
249,HGFF11,FII CSHG FOF,IFIX,SEGMENTS AND SECTORS,REAL ESTATE INVESTMENT FUND INDEX (IFIX)
250,HGPO11,FII CSHGPRIM,IFIX,SEGMENTS AND SECTORS,REAL ESTATE INVESTMENT FUND INDEX (IFIX)
251,FEXC11,FII EXCELLEN,IFIX,SEGMENTS AND SECTORS,REAL ESTATE INVESTMENT FUND INDEX (IFIX)
252,FIGS11,FII GEN SHOP,IFIX,SEGMENTS AND SECTORS,REAL ESTATE INVESTMENT FUND INDEX (IFIX)
253,GALG11,FII GUARDIAN,IFIX,SEGMENTS AND SECTORS,REAL ESTATE INVESTMENT FUND INDEX (IFIX)
254,HSLG11,FII HSI LOG,IFIX,SEGMENTS AND SECTORS,REAL ESTATE INVESTMENT FUND INDEX (IFIX)
255,FIIB11,FII INDL BR,IFIX,SEGMENTS AND SECTORS,REAL ESTATE INVESTMENT FUND INDEX (IFIX)
256,KFOF11,FII KINEAFOF,IFIX,SEGMENTS AND SECTORS,REAL ESTATE INVESTMENT FUND INDEX (IFIX)
257,MFII11,FII MERITO I,IFIX,SEGMENTS AND SECTORS,REAL ESTATE INVESTMENT FUND INDEX (IFIX)
258,MORE11,FII MORE RE,IFIX,SEGMENTS AND SECTORS,REAL ESTATE INVESTMENT FUND INDEX (IFIX)
259,OUJP11,FII OURI JPP,IFIX,SEGMENTS AND SECTORS,REAL ESTATE INVESTMENT FUND INDEX (IFIX)
260,PATC11,FII PATRIA,IFIX,SEGMENTS AND SECTORS,REAL ESTATE INVESTMENT FUND INDEX (IFIX)
261,PLCR11,FII PLURAL R,IFIX,SEGMENTS AND SECTORS,REAL ESTATE INVESTMENT FUND INDEX (IFIX)
262,PORD11,FII POLO CRI,IFIX,SEGMENTS AND SECTORS,REAL ESTATE INVESTMENT FUND INDEX (IFIX)
263,QAGR11,FII QUASAR A,IFIX,SEGMENTS AND SECTORS,REAL ESTATE INVESTMENT FUND INDEX (IFIX)
264,RFOF11,FII RB CFOF,IFIX,SEGMENTS AND SECTORS,REAL ESTATE INVESTMENT FUND INDEX (IFIX)
265,RBRL11,FII RBR LOG,IFIX,SEGMENTS AND SECTORS,REAL ESTATE INVESTMENT FUND INDEX (IFIX)
266,RBRY11,FII RBR PCRI,IFIX,SEGMENTS AND SECTORS,REAL ESTATE INVESTMENT FUND INDEX (IFIX)
267,RBED11,FII RIOB ED,IFIX,SEGMENTS AND SECTORS,REAL ESTATE INVESTMENT FUND INDEX (IFIX)
268,RBFF11,FII RIOB FF,IFIX,SEGMENTS AND SECTORS,REAL ESTATE INVESTMENT FUND INDEX (IFIX)
269,RCRB11,FII RIOB RC,IFIX,SEGMENTS AND SECTORS,REAL ESTATE INVESTMENT FUND INDEX (IFIX)
270,RZAK11,FII RIZA AKN,IFIX,SEGMENTS AND SECTORS,REAL ESTATE INVESTMENT FUND INDEX (IFIX)
271,FLMA11,FII S F LIMA,IFIX,SEGMENTS AND SECTORS,REAL ESTATE INVESTMENT FUND INDEX (IFIX)
272,SADI11,FII SANT PAP,IFIX,SEGMENTS AND SECTORS,REAL ESTATE INVESTMENT FUND INDEX (IFIX)
273,SARE11,FII SANT REN,IFIX,SEGMENTS AND SECTORS,REAL ESTATE INVESTMENT FUND INDEX (IFIX)
274,SPTW11,FII SP DOWNT,IFIX,SEGMENTS AND SECTORS,REAL ESTATE INVESTMENT FUND INDEX (IFIX)
275,TEPP11,FII TEL PROP,IFIX,SEGMENTS AND SECTORS,REAL ESTATE INVESTMENT FUND INDEX (IFIX)
276,VGIR11,FII VALREIII,IFIX,SEGMENTS AND SECTORS,REAL ESTATE INVESTMENT FUND INDEX (IFIX)
277,RVBI11,FII VBI REIT,IFIX,SEGMENTS AND SECTORS,REAL ESTATE INVESTMENT FUND INDEX (IFIX)
278,VCJR11,FII VECTIS,IFIX,SEGMENTS AND SECTORS,REAL ESTATE INVESTMENT FUND INDEX (IFIX)
279,VSLH11,FII VERS CRI,IFIX,SEGMENTS AND SECTORS,REAL ESTATE INVESTMENT FUND INDEX (IFIX)
280,VIFI11,FII VINCI IF,IFIX,SEGMENTS AND SECTORS,REAL ESTATE INVESTMENT FUND INDEX (IFIX)
281,VTLT11,FII VOT LOG,IFIX,SEGMENTS AND SECTORS,REAL ESTATE INVESTMENT FUND INDEX (IFIX)
282,RRRP3,3R PETROLEUM,SMLL,SEGMENTS AND SECTORS,SMALLCAP INDEX (SMLL)
283,AZUL4,AZUL,SMLL,SEGMENTS AND SECTORS,SMALLCAP INDEX (SMLL)
284,BMOB3,BEMOBI TECH,SMLL,SEGMENTS AND SECTORS,SMALLCAP INDEX (SMLL)
285,ECOR3,ECORODOVIAS,SMLL,SEGMENTS AND SECTORS,SMALLCAP INDEX (SMLL)
286,ENJU3,ENJOEI,SMLL,SEGMENTS AND SECTORS,SMALLCAP INDEX (SMLL)
287,GOLL4,GOL,SMLL,SEGMENTS AND SECTORS,SMALLCAP INDEX (SMLL)
288,HBSA3,HIDROVIAS,SMLL,SEGMENTS AND SECTORS,SMALLCAP INDEX (SMLL)
289,IRBR3,IRBBRASIL RE,SMLL,SEGMENTS AND SECTORS,SMALLCAP INDEX (SMLL)
290,KEPL3,KEPLER WEBER,SMLL,SEGMENTS AND SECTORS,SMALLCAP INDEX (SMLL)
291,LWSA3,LOCAWEB,SMLL,SEGMENTS AND SECTORS,SMALLCAP INDEX (SMLL)
292,LOGN3,LOG-IN,SMLL,SEGMENTS AND SECTORS,SMALLCAP INDEX (SMLL)
293,CASH3,MELIUZ,SMLL,SEGMENTS AND SECTORS,SMALLCAP INDEX (SMLL)
294,MILS3,MILLS,SMLL,SEGMENTS AND SECTORS,SMALLCAP INDEX (SMLL)
295,MOSI3,MOSAICO,SMLL,SEGMENTS AND SECTORS,SMALLCAP INDEX (SMLL)
296,NGRD3,NEOGRID,SMLL,SEGMENTS AND SECTORS,SMALLCAP INDEX (SMLL)
297,OPCT3,OCEANPACT,SMLL,SEGMENTS AND SECTORS,SMALLCAP INDEX (SMLL)
298,RCSL3,RECRUSUL,SMLL,SEGMENTS AND SECTORS,SMALLCAP INDEX (SMLL)
299,RCSL4,RECRUSUL,SMLL,SEGMENTS AND SECTORS,SMALLCAP INDEX (SMLL)
300,STBP3,SANTOS BRP,SMLL,SEGMENTS AND SECTORS,SMALLCAP INDEX (SMLL)
301,SHUL4,SCHULZ,SMLL,SEGMENTS AND SECTORS,SMALLCAP INDEX (SMLL)
302,SEQL3,SEQUOIA LOG,SMLL,SEGMENTS AND SECTORS,SMALLCAP INDEX (SMLL)
303,SIMH3,SIMPAR,SMLL,SEGMENTS AND SECTORS,SMALLCAP INDEX (SMLL)
304,SQIA3,SINQIA,SMLL,SEGMENTS AND SECTORS,SMALLCAP INDEX (SMLL)
305,TPIS3,TRIUNFO PART,SMLL,SEGMENTS AND SECTORS,SMALLCAP INDEX (SMLL)
306,VLID3,VALID,SMLL,SEGMENTS AND SECTORS,SMALLCAP INDEX (SMLL)
307,WEST3,WESTWING,SMLL,SEGMENTS AND SECTORS,SMALLCAP INDEX (SMLL)
308,MMMC34,3M,BDRX,SEGMENTS AND SECTORS,UNSPONSORED BDR INDEX-GLOBAL (BDRX)
309,ABUD34,AB INBEV,BDRX,SEGMENTS AND SECTORS,UNSPONSORED BDR INDEX-GLOBAL (BDRX)
310,A1BB34,ABB LTD,BDRX,SEGMENTS AND SECTORS,UNSPONSORED BDR INDEX-GLOBAL (BDRX)
311,ABTT34,ABBOTT,BDRX,SEGMENTS AND SECTORS,UNSPONSORED BDR INDEX-GLOBAL (BDRX)
312,ABBV34,ABBVIE,BDRX,SEGMENTS AND SECTORS,UNSPONSORED BDR INDEX-GLOBAL (BDRX)
313,A1BM34,ABIOMED INC,BDRX,SEGMENTS AND SECTORS,UNSPONSORED BDR INDEX-GLOBAL (BDRX)
314,ACNB34,ACCENTURE,BDRX,SEGMENTS AND SECTORS,UNSPONSORED BDR INDEX-GLOBAL (BDRX)
315,ATVI34,ACTIVISION,BDRX,SEGMENTS AND SECTORS,UNSPONSORED BDR INDEX-GLOBAL (BDRX)
316,ADBE34,ADOBE INC,BDRX,SEGMENTS AND SECTORS,UNSPONSORED BDR INDEX-GLOBAL (BDRX)
317,A1AP34,ADVANCE AUTO,BDRX,SEGMENTS AND SECTORS,UNSPONSORED BDR INDEX-GLOBAL (BDRX)
318,A1MD34,ADVANCED MIC,BDRX,SEGMENTS AND SECTORS,UNSPONSORED BDR INDEX-GLOBAL (BDRX)
319,A1EG34,AEGON NV,BDRX,SEGMENTS AND SECTORS,UNSPONSORED BDR INDEX-GLOBAL (BDRX)
320,A1ES34,AES CORP,BDRX,SEGMENTS AND SECTORS,UNSPONSORED BDR INDEX-GLOBAL (BDRX)
321,A1KA34,AKAMAI TECHN,BDRX,SEGMENTS AND SECTORS,UNSPONSORED BDR INDEX-GLOBAL (BDRX)
322,A1LB34,ALBEMARLE CO,BDRX,SEGMENTS AND SECTORS,UNSPONSORED BDR INDEX-GLOBAL (BDRX)
323,A1RE34,ALEXANDRIA R,BDRX,SEGMENTS AND SECTORS,UNSPONSORED BDR INDEX-GLOBAL (BDRX)
324,BABA34,ALIBABAGR,BDRX,SEGMENTS AND SECTORS,UNSPONSORED BDR INDEX-GLOBAL (BDRX)
325,A1LL34,ALLIANCE DAT,BDRX,SEGMENTS AND SECTORS,UNSPONSORED BDR INDEX-GLOBAL (BDRX)
326,A1LN34,ALNYLAM PHAR,BDRX,SEGMENTS AND SECTORS,UNSPONSORED BDR INDEX-GLOBAL (BDRX)
327,GOGL34,ALPHABET,BDRX,SEGMENTS AND SECTORS,UNSPONSORED BDR INDEX-GLOBAL (BDRX)
328,GOGL35,ALPHABET,BDRX,SEGMENTS AND SECTORS,UNSPONSORED BDR INDEX-GLOBAL (BDRX)
329,A1YX34,ALTERYX INC,BDRX,SEGMENTS AND SECTORS,UNSPONSORED BDR INDEX-GLOBAL (BDRX)
330,MOOO34,ALTRIA GROUP,BDRX,SEGMENTS AND SECTORS,UNSPONSORED BDR INDEX-GLOBAL (BDRX)
331,AMZO34,AMAZON,BDRX,SEGMENTS AND SECTORS,UNSPONSORED BDR INDEX-GLOBAL (BDRX)
332,A1MX34,AMERICAMOVIL,BDRX,SEGMENTS AND SECTORS,UNSPONSORED BDR INDEX-GLOBAL (BDRX)
333,AALL34,AMERICAN AIR,BDRX,SEGMENTS AND SECTORS,UNSPONSORED BDR INDEX-GLOBAL (BDRX)
334,AXPB34,AMERICAN EXP,BDRX,SEGMENTS AND SECTORS,UNSPONSORED BDR INDEX-GLOBAL (BDRX)
335,T1OW34,AMERICAN TOW,BDRX,SEGMENTS AND SECTORS,UNSPONSORED BDR INDEX-GLOBAL (BDRX)
336,AMGN34,AMGEN,BDRX,SEGMENTS AND SECTORS,UNSPONSORED BDR INDEX-GLOBAL (BDRX)
337,A1UA34,ANGLOGOLD AS,BDRX,SEGMENTS AND SECTORS,UNSPONSORED BDR INDEX-GLOBAL (BDRX)
338,A1PA34,APA CORP,BDRX,SEGMENTS AND SECTORS,UNSPONSORED BDR INDEX-GLOBAL (BDRX)
339,A1IV34,APARTMENT IN,BDRX,SEGMENTS AND SECTORS,UNSPONSORED BDR INDEX-GLOBAL (BDRX)
340,AAPL34,APPLE,BDRX,SEGMENTS AND SECTORS,UNSPONSORED BDR INDEX-GLOBAL (BDRX)
341,A1MT34,APPLIED MATE,BDRX,SEGMENTS AND SECTORS,UNSPONSORED BDR INDEX-GLOBAL (BDRX)
342,ARMT34,ARCELOR,BDRX,SEGMENTS AND SECTORS,UNSPONSORED BDR INDEX-GLOBAL (BDRX)
343,ASML34,ASML HOLD,BDRX,SEGMENTS AND SECTORS,UNSPONSORED BDR INDEX-GLOBAL (BDRX)
344,A1ZN34,ASTRAZENECA,BDRX,SEGMENTS AND SECTORS,UNSPONSORED BDR INDEX-GLOBAL (BDRX)
345,ATTB34,ATT INC,BDRX,SEGMENTS AND SECTORS,UNSPONSORED BDR INDEX-GLOBAL (BDRX)
346,A1UT34,AUTODESK INC,BDRX,SEGMENTS AND SECTORS,UNSPONSORED BDR INDEX-GLOBAL (BDRX)
347,A1VB34,AVALONBAY CO,BDRX,SEGMENTS AND SECTORS,UNSPONSORED BDR INDEX-GLOBAL (BDRX)
348,BIDU34,BAIDU INC,BDRX,SEGMENTS AND SECTORS,UNSPONSORED BDR INDEX-GLOBAL (BDRX)
349,B1SA34,BANCO SANTAN,BDRX,SEGMENTS AND SECTORS,UNSPONSORED BDR INDEX-GLOBAL (BDRX)
350,BOAC34,BANK AMERICA,BDRX,SEGMENTS AND SECTORS,UNSPONSORED BDR INDEX-GLOBAL (BDRX)
351,B1CS34,BARCLAYS PLC,BDRX,SEGMENTS AND SECTORS,UNSPONSORED BDR INDEX-GLOBAL (BDRX)
352,BERK34,BERKSHIRE,BDRX,SEGMENTS AND SECTORS,UNSPONSORED BDR INDEX-GLOBAL (BDRX)
353,BBYY34,BEST BUY,BDRX,SEGMENTS AND SECTORS,UNSPONSORED BDR INDEX-GLOBAL (BDRX)
354,B1IL34,BILIBILI INC,BDRX,SEGMENTS AND SECTORS,UNSPONSORED BDR INDEX-GLOBAL (BDRX)
355,BIIB34,BIOGEN,BDRX,SEGMENTS AND SECTORS,UNSPONSORED BDR INDEX-GLOBAL (BDRX)
356,B1NT34,BIONTECH SE,BDRX,SEGMENTS AND SECTORS,UNSPONSORED BDR INDEX-GLOBAL (BDRX)
357,BLAK34,BLACKROCK,BDRX,SEGMENTS AND SECTORS,UNSPONSORED BDR INDEX-GLOBAL (BDRX)
358,BONY34,BNY MELLON,BDRX,SEGMENTS AND SECTORS,UNSPONSORED BDR INDEX-GLOBAL (BDRX)
359,BOEI34,BOEING,BDRX,SEGMENTS AND SECTORS,UNSPONSORED BDR INDEX-GLOBAL (BDRX)
360,BKNG34,BOOKING,BDRX,SEGMENTS AND SECTORS,UNSPONSORED BDR INDEX-GLOBAL (BDRX)
361,BOXP34,BOSTON PROP,BDRX,SEGMENTS AND SECTORS,UNSPONSORED BDR INDEX-GLOBAL (BDRX)
362,B1SX34,BOSTON SCIEN,BDRX,SEGMENTS AND SECTORS,UNSPONSORED BDR INDEX-GLOBAL (BDRX)
363,B1PP34,BP PLC,BDRX,SEGMENTS AND SECTORS,UNSPONSORED BDR INDEX-GLOBAL (BDRX)
364,BMYB34,BRISTOLMYERS,BDRX,SEGMENTS AND SECTORS,UNSPONSORED BDR INDEX-GLOBAL (BDRX)
365,B1TI34,BRITISH AMER,BDRX,SEGMENTS AND SECTORS,UNSPONSORED BDR INDEX-GLOBAL (BDRX)
366,AVGO34,BROADCOM INC,BDRX,SEGMENTS AND SECTORS,UNSPONSORED BDR INDEX-GLOBAL (BDRX)
367,CAPH34,CAPRI HOLDI,BDRX,SEGMENTS AND SECTORS,UNSPONSORED BDR INDEX-GLOBAL (BDRX)
368,C1CL34,CARNIVAL COR,BDRX,SEGMENTS AND SECTORS,UNSPONSORED BDR INDEX-GLOBAL (BDRX)
369,CATP34,CATERPILLAR,BDRX,SEGMENTS AND SECTORS,UNSPONSORED BDR INDEX-GLOBAL (BDRX)
370,CHCM34,CHARTER COMM,BDRX,SEGMENTS AND SECTORS,UNSPONSORED BDR INDEX-GLOBAL (BDRX)
371,CHVX34,CHEVRON,BDRX,SEGMENTS AND SECTORS,UNSPONSORED BDR INDEX-GLOBAL (BDRX)
372,C1HI34,CHINA PETROL,BDRX,SEGMENTS AND SECTORS,UNSPONSORED BDR INDEX-GLOBAL (BDRX)
373,C1IC34,CIGNA CORP,BDRX,SEGMENTS AND SECTORS,UNSPONSORED BDR INDEX-GLOBAL (BDRX)
374,CSCO34,CISCO,BDRX,SEGMENTS AND SECTORS,UNSPONSORED BDR INDEX-GLOBAL (BDRX)
375,CTGP34,CITIGROUP,BDRX,SEGMENTS AND SECTORS,UNSPONSORED BDR INDEX-GLOBAL (BDRX)
376,COCA34,COCA COLA,BDRX,SEGMENTS AND SECTORS,UNSPONSORED BDR INDEX-GLOBAL (BDRX)
377,COLG34,COLGATE,BDRX,SEGMENTS AND SECTORS,UNSPONSORED BDR INDEX-GLOBAL (BDRX)
378,CMCS34,COMCAST,BDRX,SEGMENTS AND SECTORS,UNSPONSORED BDR INDEX-GLOBAL (BDRX)
379,COPH34,COPHILLIPS,BDRX,SEGMENTS AND SECTORS,UNSPONSORED BDR INDEX-GLOBAL (BDRX)
380,C1TV34,CORTEVA INC,BDRX,SEGMENTS AND SECTORS,UNSPONSORED BDR INDEX-GLOBAL (BDRX)
381,COWC34,COSTCO,BDRX,SEGMENTS AND SECTORS,UNSPONSORED BDR INDEX-GLOBAL (BDRX)
382,COTY34,COTY INC,BDRX,SEGMENTS AND SECTORS,UNSPONSORED BDR INDEX-GLOBAL (BDRX)
383,C1SU34,CREDIT SUISS,BDRX,SEGMENTS AND SECTORS,UNSPONSORED BDR INDEX-GLOBAL (BDRX)
384,CRIP34,CTRIPCOM,BDRX,SEGMENTS AND SECTORS,UNSPONSORED BDR INDEX-GLOBAL (BDRX)
385,CVSH34,CVS HEALTH,BDRX,SEGMENTS AND SECTORS,UNSPONSORED BDR INDEX-GLOBAL (BDRX)
386,DHER34,DANAHER CORP,BDRX,SEGMENTS AND SECTORS,UNSPONSORED BDR INDEX-GLOBAL (BDRX)
387,DEEC34,DEERE CO,BDRX,SEGMENTS AND SECTORS,UNSPONSORED BDR INDEX-GLOBAL (BDRX)
388,D1EL34,DELL TECHNOL,BDRX,SEGMENTS AND SECTORS,UNSPONSORED BDR INDEX-GLOBAL (BDRX)
389,DEAI34,DELTA,BDRX,SEGMENTS AND SECTORS,UNSPONSORED BDR INDEX-GLOBAL (BDRX)
390,DBAG34,DEUTSCHE AK,BDRX,SEGMENTS AND SECTORS,UNSPONSORED BDR INDEX-GLOBAL (BDRX)
391,F1AN34,DIAMONDBACK,BDRX,SEGMENTS AND SECTORS,UNSPONSORED BDR INDEX-GLOBAL (BDRX)
392,D1LR34,DIGITAL REAL,BDRX,SEGMENTS AND SECTORS,UNSPONSORED BDR INDEX-GLOBAL (BDRX)
393,D1OC34,DOCUSIGN INC,BDRX,SEGMENTS AND SECTORS,UNSPONSORED BDR INDEX-GLOBAL (BDRX)
394,DGCO34,DOLLAR GENER,BDRX,SEGMENTS AND SECTORS,UNSPONSORED BDR INDEX-GLOBAL (BDRX)
395,EBAY34,EBAY,BDRX,SEGMENTS AND SECTORS,UNSPONSORED BDR INDEX-GLOBAL (BDRX)
396,EAIN34,ELECTR ARTS,BDRX,SEGMENTS AND SECTORS,UNSPONSORED BDR INDEX-GLOBAL (BDRX)
397,E1NI34,ENEL AMERICA,BDRX,SEGMENTS AND SECTORS,UNSPONSORED BDR INDEX-GLOBAL (BDRX)
398,EQIX34,EQUINIX INC,BDRX,SEGMENTS AND SECTORS,UNSPONSORED BDR INDEX-GLOBAL (BDRX)
399,E1QR34,EQUITY RESID,BDRX,SEGMENTS AND SECTORS,UNSPONSORED BDR INDEX-GLOBAL (BDRX)
400,E1RI34,ERICSSON LM,BDRX,SEGMENTS AND SECTORS,UNSPONSORED BDR INDEX-GLOBAL (BDRX)
401,E1SS34,ESSEX PROPER,BDRX,SEGMENTS AND SECTORS,UNSPONSORED BDR INDEX-GLOBAL (BDRX)
402,EXXO34,EXXON MOBIL,BDRX,SEGMENTS AND SECTORS,UNSPONSORED BDR INDEX-GLOBAL (BDRX)
403,FBOK34,FACEBOOK,BDRX,SEGMENTS AND SECTORS,UNSPONSORED BDR INDEX-GLOBAL (BDRX)
404,F1RI34,FEDERAL REAL,BDRX,SEGMENTS AND SECTORS,UNSPONSORED BDR INDEX-GLOBAL (BDRX)
405,FDXB34,FEDEX CORP,BDRX,SEGMENTS AND SECTORS,UNSPONSORED BDR INDEX-GLOBAL (BDRX)
406,F1NI34,FIDELITY NAT,BDRX,SEGMENTS AND SECTORS,UNSPONSORED BDR INDEX-GLOBAL (BDRX)
407,FSLR34,FIRST SOLAR,BDRX,SEGMENTS AND SECTORS,UNSPONSORED BDR INDEX-GLOBAL (BDRX)
408,FDMO34,FORD MOTORS,BDRX,SEGMENTS AND SECTORS,UNSPONSORED BDR INDEX-GLOBAL (BDRX)
409,FCXO34,FREEPORT,BDRX,SEGMENTS AND SECTORS,UNSPONSORED BDR INDEX-GLOBAL (BDRX)
410,GEOO34,GE,BDRX,SEGMENTS AND SECTORS,UNSPONSORED BDR INDEX-GLOBAL (BDRX)
411,GMCO34,GENERAL MOT,BDRX,SEGMENTS AND SECTORS,UNSPONSORED BDR INDEX-GLOBAL (BDRX)
412,GILD34,GILEAD,BDRX,SEGMENTS AND SECTORS,UNSPONSORED BDR INDEX-GLOBAL (BDRX)
413,G1SK34,GLAXOSMITHKL,BDRX,SEGMENTS AND SECTORS,UNSPONSORED BDR INDEX-GLOBAL (BDRX)
414,G1FI34,GOLD FIELDS,BDRX,SEGMENTS AND SECTORS,UNSPONSORED BDR INDEX-GLOBAL (BDRX)
415,GSGI34,GOLDMANSACHS,BDRX,SEGMENTS AND SECTORS,UNSPONSORED BDR INDEX-GLOBAL (BDRX)
416,GPRO34,GOPRO,BDRX,SEGMENTS AND SECTORS,UNSPONSORED BDR INDEX-GLOBAL (BDRX)
417,HOME34,HOME DEPOT,BDRX,SEGMENTS AND SECTORS,UNSPONSORED BDR INDEX-GLOBAL (BDRX)
418,HOND34,HONDA MO,BDRX,SEGMENTS AND SECTORS,UNSPONSORED BDR INDEX-GLOBAL (BDRX)
419,H1ZN34,HORIZON THER,BDRX,SEGMENTS AND SECTORS,UNSPONSORED BDR INDEX-GLOBAL (BDRX)
420,HPQB34,HP COMPANY,BDRX,SEGMENTS AND SECTORS,UNSPONSORED BDR INDEX-GLOBAL (BDRX)
421,H1SB34,HSBC HOLDING,BDRX,SEGMENTS AND SECTORS,UNSPONSORED BDR INDEX-GLOBAL (BDRX)
422,IBMB34,IBM,BDRX,SEGMENTS AND SECTORS,UNSPONSORED BDR INDEX-GLOBAL (BDRX)
423,I1LM34,ILLUMINA INC,BDRX,SEGMENTS AND SECTORS,UNSPONSORED BDR INDEX-GLOBAL (BDRX)
424,ITLC34,INTEL,BDRX,SEGMENTS AND SECTORS,UNSPONSORED BDR INDEX-GLOBAL (BDRX)
425,I1RM34,IRON MOUNTAI,BDRX,SEGMENTS AND SECTORS,UNSPONSORED BDR INDEX-GLOBAL (BDRX)
426,JDCO34,JD COM,BDRX,SEGMENTS AND SECTORS,UNSPONSORED BDR INDEX-GLOBAL (BDRX)
427,JNJB34,JOHNSON,BDRX,SEGMENTS AND SECTORS,UNSPONSORED BDR INDEX-GLOBAL (BDRX)
428,JPMC34,JPMORGAN,BDRX,SEGMENTS AND SECTORS,UNSPONSORED BDR INDEX-GLOBAL (BDRX)
429,KHCB34,KRAFT HEINZ,BDRX,SEGMENTS AND SECTORS,UNSPONSORED BDR INDEX-GLOBAL (BDRX)
430,L1RC34,LAM RESEARCH,BDRX,SEGMENTS AND SECTORS,UNSPONSORED BDR INDEX-GLOBAL (BDRX)
431,LILY34,LILLY,BDRX,SEGMENTS AND SECTORS,UNSPONSORED BDR INDEX-GLOBAL (BDRX)
432,L1YG34,LLOYDS BANKI,BDRX,SEGMENTS AND SECTORS,UNSPONSORED BDR INDEX-GLOBAL (BDRX)
433,LOWC34,LOWES COMPA,BDRX,SEGMENTS AND SECTORS,UNSPONSORED BDR INDEX-GLOBAL (BDRX)
434,L1MN34,LUMEN TECH,BDRX,SEGMENTS AND SECTORS,UNSPONSORED BDR INDEX-GLOBAL (BDRX)
435,MACY34,MACY S,BDRX,SEGMENTS AND SECTORS,UNSPONSORED BDR INDEX-GLOBAL (BDRX)
436,MSCD34,MASTERCARD,BDRX,SEGMENTS AND SECTORS,UNSPONSORED BDR INDEX-GLOBAL (BDRX)
437,MCDC34,MCDONALDS,BDRX,SEGMENTS AND SECTORS,UNSPONSORED BDR INDEX-GLOBAL (BDRX)
438,MDTC34,MEDTRONIC,BDRX,SEGMENTS AND SECTORS,UNSPONSORED BDR INDEX-GLOBAL (BDRX)
439,MELI34,MERCADOLIBRE,BDRX,SEGMENTS AND SECTORS,UNSPONSORED BDR INDEX-GLOBAL (BDRX)
440,M1GM34,MGM RESORTS,BDRX,SEGMENTS AND SECTORS,UNSPONSORED BDR INDEX-GLOBAL (BDRX)
441,MUTC34,MICRON TECHN,BDRX,SEGMENTS AND SECTORS,UNSPONSORED BDR INDEX-GLOBAL (BDRX)
442,MSFT34,MICROSOFT,BDRX,SEGMENTS AND SECTORS,UNSPONSORED BDR INDEX-GLOBAL (BDRX)
443,M1RN34,MODERNA INC,BDRX,SEGMENTS AND SECTORS,UNSPONSORED BDR INDEX-GLOBAL (BDRX)
444,MDLZ34,MONDELEZ INT,BDRX,SEGMENTS AND SECTORS,UNSPONSORED BDR INDEX-GLOBAL (BDRX)
445,M1NS34,MONSTER BEVE,BDRX,SEGMENTS AND SECTORS,UNSPONSORED BDR INDEX-GLOBAL (BDRX)
446,MSBR34,MORGAN STAN,BDRX,SEGMENTS AND SECTORS,UNSPONSORED BDR INDEX-GLOBAL (BDRX)
447,MOSC34,MOSAIC CO,BDRX,SEGMENTS AND SECTORS,UNSPONSORED BDR INDEX-GLOBAL (BDRX)
448,N1DA34,NASDAQ INC,BDRX,SEGMENTS AND SECTORS,UNSPONSORED BDR INDEX-GLOBAL (BDRX)
449,NETE34,NETEASE,BDRX,SEGMENTS AND SECTORS,UNSPONSORED BDR INDEX-GLOBAL (BDRX)
450,NFLX34,NETFLIX,BDRX,SEGMENTS AND SECTORS,UNSPONSORED BDR INDEX-GLOBAL (BDRX)
451,E1DU34,NEW ORIENTAL,BDRX,SEGMENTS AND SECTORS,UNSPONSORED BDR INDEX-GLOBAL (BDRX)
452,N1EM34,NEWMONT GOLD,BDRX,SEGMENTS AND SECTORS,UNSPONSORED BDR INDEX-GLOBAL (BDRX)
453,NEXT34,NEXTERA ENER,BDRX,SEGMENTS AND SECTORS,UNSPONSORED BDR INDEX-GLOBAL (BDRX)
454,NIKE34,NIKE,BDRX,SEGMENTS AND SECTORS,UNSPONSORED BDR INDEX-GLOBAL (BDRX)
455,NOKI34,NOKIA CORP,BDRX,SEGMENTS AND SECTORS,UNSPONSORED BDR INDEX-GLOBAL (BDRX)
456,N1CL34,NORWEGIAN CR,BDRX,SEGMENTS AND SECTORS,UNSPONSORED BDR INDEX-GLOBAL (BDRX)
457,N1VS34,NOVARTIS AG,BDRX,SEGMENTS AND SECTORS,UNSPONSORED BDR INDEX-GLOBAL (BDRX)
458,N1VO34,NOVO NORDISK,BDRX,SEGMENTS AND SECTORS,UNSPONSORED BDR INDEX-GLOBAL (BDRX)
459,NVDC34,NVIDIA CORP,BDRX,SEGMENTS AND SECTORS,UNSPONSORED BDR INDEX-GLOBAL (BDRX)
460,OXYP34,OCCIDENT PTR,BDRX,SEGMENTS AND SECTORS,UNSPONSORED BDR INDEX-GLOBAL (BDRX)
461,ORCL34,ORACLE,BDRX,SEGMENTS AND SECTORS,UNSPONSORED BDR INDEX-GLOBAL (BDRX)
462,PYPL34,PAYPAL HOLD,BDRX,SEGMENTS AND SECTORS,UNSPONSORED BDR INDEX-GLOBAL (BDRX)
463,PEPB34,PEPSICO INC,BDRX,SEGMENTS AND SECTORS,UNSPONSORED BDR INDEX-GLOBAL (BDRX)
464,PTCH34,PETROCHIN,BDRX,SEGMENTS AND SECTORS,UNSPONSORED BDR INDEX-GLOBAL (BDRX)
465,PFIZ34,PFIZER,BDRX,SEGMENTS AND SECTORS,UNSPONSORED BDR INDEX-GLOBAL (BDRX)
466,PGCO34,PG,BDRX,SEGMENTS AND SECTORS,UNSPONSORED BDR INDEX-GLOBAL (BDRX)
467,PHMO34,PHILIP MORRI,BDRX,SEGMENTS AND SECTORS,UNSPONSORED BDR INDEX-GLOBAL (BDRX)
468,P1DD34,PINDUODUO IN,BDRX,SEGMENTS AND SECTORS,UNSPONSORED BDR INDEX-GLOBAL (BDRX)
469,P1LD34,PROLOGIS INC,BDRX,SEGMENTS AND SECTORS,UNSPONSORED BDR INDEX-GLOBAL (BDRX)
470,QCOM34,QUALCOMM,BDRX,SEGMENTS AND SECTORS,UNSPONSORED BDR INDEX-GLOBAL (BDRX)
471,RYTT34,RAYTHEONTECH,BDRX,SEGMENTS AND SECTORS,UNSPONSORED BDR INDEX-GLOBAL (BDRX)
472,RDSA34,RD SHELL,BDRX,SEGMENTS AND SECTORS,UNSPONSORED BDR INDEX-GLOBAL (BDRX)
473,R1IN34,REALTY INCOM,BDRX,SEGMENTS AND SECTORS,UNSPONSORED BDR INDEX-GLOBAL (BDRX)
474,REGN34,REGENERON PH,BDRX,SEGMENTS AND SECTORS,UNSPONSORED BDR INDEX-GLOBAL (BDRX)
475,RIOT34,RIO TINTO,BDRX,SEGMENTS AND SECTORS,UNSPONSORED BDR INDEX-GLOBAL (BDRX)
476,R1KU34,ROKU INC,BDRX,SEGMENTS AND SECTORS,UNSPONSORED BDR INDEX-GLOBAL (BDRX)
477,R1CL34,ROYAL CARIBB,BDRX,SEGMENTS AND SECTORS,UNSPONSORED BDR INDEX-GLOBAL (BDRX)
478,SSFO34,SALESFORCE,BDRX,SEGMENTS AND SECTORS,UNSPONSORED BDR INDEX-GLOBAL (BDRX)
479,BCSA34,SANTANDER,BDRX,SEGMENTS AND SECTORS,UNSPONSORED BDR INDEX-GLOBAL (BDRX)
480,SAPP34,SAP SE,BDRX,SEGMENTS AND SECTORS,UNSPONSORED BDR INDEX-GLOBAL (BDRX)
481,SCHW34,SCHWAB,BDRX,SEGMENTS AND SECTORS,UNSPONSORED BDR INDEX-GLOBAL (BDRX)
482,N1OW34,SERVICENOW,BDRX,SEGMENTS AND SECTORS,UNSPONSORED BDR INDEX-GLOBAL (BDRX)
483,SIMN34,SIMON PROP,BDRX,SEGMENTS AND SECTORS,UNSPONSORED BDR INDEX-GLOBAL (BDRX)
484,S1LG34,SL GREEN REA,BDRX,SEGMENTS AND SECTORS,UNSPONSORED BDR INDEX-GLOBAL (BDRX)
485,SNEC34,SONY GROUP,BDRX,SEGMENTS AND SECTORS,UNSPONSORED BDR INDEX-GLOBAL (BDRX)
486,S1PL34,SPLUNK INC,BDRX,SEGMENTS AND SECTORS,UNSPONSORED BDR INDEX-GLOBAL (BDRX)
487,S1PO34,SPOTIFY TECH,BDRX,SEGMENTS AND SECTORS,UNSPONSORED BDR INDEX-GLOBAL (BDRX)
488,SBUB34,STARBUCKS,BDRX,SEGMENTS AND SECTORS,UNSPONSORED BDR INDEX-GLOBAL (BDRX)
489,TSMC34,TAIWANSMFAC,BDRX,SEGMENTS AND SECTORS,UNSPONSORED BDR INDEX-GLOBAL (BDRX)
490,T1TW34,TAKE-TWO INT,BDRX,SEGMENTS AND SECTORS,UNSPONSORED BDR INDEX-GLOBAL (BDRX)
491,T1AL34,TAL EDUCATIO,BDRX,SEGMENTS AND SECTORS,UNSPONSORED BDR INDEX-GLOBAL (BDRX)
492,TPRY34,TAPESTRY INC,BDRX,SEGMENTS AND SECTORS,UNSPONSORED BDR INDEX-GLOBAL (BDRX)
493,TGTB34,TARGET CORP,BDRX,SEGMENTS AND SECTORS,UNSPONSORED BDR INDEX-GLOBAL (BDRX)
494,TLNC34,TELEFONIC,BDRX,SEGMENTS AND SECTORS,UNSPONSORED BDR INDEX-GLOBAL (BDRX)
495,TSLA34,TESLA INC,BDRX,SEGMENTS AND SECTORS,UNSPONSORED BDR INDEX-GLOBAL (BDRX)
496,TEXA34,TEXAS INC,BDRX,SEGMENTS AND SECTORS,UNSPONSORED BDR INDEX-GLOBAL (BDRX)
497,TMOS34,THERMFISCHER,BDRX,SEGMENTS AND SECTORS,UNSPONSORED BDR INDEX-GLOBAL (BDRX)
498,TMCO34,TOYOTAMO,BDRX,SEGMENTS AND SECTORS,UNSPONSORED BDR INDEX-GLOBAL (BDRX)
499,RIGG34,TRANSOCEAN,BDRX,SEGMENTS AND SECTORS,UNSPONSORED BDR INDEX-GLOBAL (BDRX)
500,T1RI34,TRIPADVISOR,BDRX,SEGMENTS AND SECTORS,UNSPONSORED BDR INDEX-GLOBAL (BDRX)
501,T1WL34,TWILIO INC,BDRX,SEGMENTS AND SECTORS,UNSPONSORED BDR INDEX-GLOBAL (BDRX)
502,TWTR34,TWITTER,BDRX,SEGMENTS AND SECTORS,UNSPONSORED BDR INDEX-GLOBAL (BDRX)
503,U1BE34,UBER TECH IN,BDRX,SEGMENTS AND SECTORS,UNSPONSORED BDR INDEX-GLOBAL (BDRX)
504,UBSG34,UBS GROUP,BDRX,SEGMENTS AND SECTORS,UNSPONSORED BDR INDEX-GLOBAL (BDRX)
505,ULEV34,UNILEVER,BDRX,SEGMENTS AND SECTORS,UNSPONSORED BDR INDEX-GLOBAL (BDRX)
506,U1AL34,UNITED AIRLI,BDRX,SEGMENTS AND SECTORS,UNSPONSORED BDR INDEX-GLOBAL (BDRX)
507,UNHH34,UNITEDHEALTH,BDRX,SEGMENTS AND SECTORS,UNSPONSORED BDR INDEX-GLOBAL (BDRX)
508,UPSS34,UPS,BDRX,SEGMENTS AND SECTORS,UNSPONSORED BDR INDEX-GLOBAL (BDRX)
509,USSX34,US STEEL,BDRX,SEGMENTS AND SECTORS,UNSPONSORED BDR INDEX-GLOBAL (BDRX)
510,VLOE34,VALERO ENER,BDRX,SEGMENTS AND SECTORS,UNSPONSORED BDR INDEX-GLOBAL (BDRX)
511,VERZ34,VERIZON,BDRX,SEGMENTS AND SECTORS,UNSPONSORED BDR INDEX-GLOBAL (BDRX)
512,VRTX34,VERTEX PHARM,BDRX,SEGMENTS AND SECTORS,UNSPONSORED BDR INDEX-GLOBAL (BDRX)
513,C1BS34,VIACOMCBS,BDRX,SEGMENTS AND SECTORS,UNSPONSORED BDR INDEX-GLOBAL (BDRX)
514,VISA34,VISA INC,BDRX,SEGMENTS AND SECTORS,UNSPONSORED BDR INDEX-GLOBAL (BDRX)
515,V1NO34,VORNADO REAL,BDRX,SEGMENTS AND SECTORS,UNSPONSORED BDR INDEX-GLOBAL (BDRX)
516,WALM34,WAL MART,BDRX,SEGMENTS AND SECTORS,UNSPONSORED BDR INDEX-GLOBAL (BDRX)
517,WGBA34,WALGREENS,BDRX,SEGMENTS AND SECTORS,UNSPONSORED BDR INDEX-GLOBAL (BDRX)
518,DISB34,WALT DISNEY,BDRX,SEGMENTS AND SECTORS,UNSPONSORED BDR INDEX-GLOBAL (BDRX)
519,WFCO34,WELLS FARGO,BDRX,SEGMENTS AND SECTORS,UNSPONSORED BDR INDEX-GLOBAL (BDRX)
520,W1IX34,WIX.COM LTD,BDRX,SEGMENTS AND SECTORS,UNSPONSORED BDR INDEX-GLOBAL (BDRX)
521,Z1TS34,ZOETIS INC,BDRX,SEGMENTS AND SECTORS,UNSPONSORED BDR INDEX-GLOBAL (BDRX)
522,Z1OM34,ZOOM VIDEO,BDRX,SEGMENTS AND SECTORS,UNSPONSORED BDR INDEX-GLOBAL (BDRX)
523,GGPS3,GPS,IGCT,CORPORATE GOVERNANCE,CORPORATE GOVERNANCE TRADE INDEX (IGCT)
524,TTEN3,3TENTOS,IGNM,CORPORATE GOVERNANCE,NOVO MERCADO CORPORATE GOVERNANCE EQUITY INDEX (IGC-NM)
525,AGXY3,AGROGALAXY,IGNM,CORPORATE GOVERNANCE,NOVO MERCADO CORPORATE GOVERNANCE EQUITY INDEX (IGC-NM)
526,ALLD3,ALLIED,IGNM,CORPORATE GOVERNANCE,NOVO MERCADO CORPORATE GOVERNANCE EQUITY INDEX (IGC-NM)
527,APER3,ALPER S.A.,IGNM,CORPORATE GOVERNANCE,NOVO MERCADO CORPORATE GOVERNANCE EQUITY INDEX (IGC-NM)
528,AVLL3,ALPHAVILLE,IGNM,CORPORATE GOVERNANCE,NOVO MERCADO CORPORATE GOVERNANCE EQUITY INDEX (IGC-NM)
529,ARML3,ARMAC,IGNM,CORPORATE GOVERNANCE,NOVO MERCADO CORPORATE GOVERNANCE EQUITY INDEX (IGC-NM)
530,BLAU3,BLAU,IGNM,CORPORATE GOVERNANCE,NOVO MERCADO CORPORATE GOVERNANCE EQUITY INDEX (IGC-NM)
531,SOJA3,BOA SAFRA,IGNM,CORPORATE GOVERNANCE,NOVO MERCADO CORPORATE GOVERNANCE EQUITY INDEX (IGC-NM)
532,BRIT3,BRISANET,IGNM,CORPORATE GOVERNANCE,NOVO MERCADO CORPORATE GOVERNANCE EQUITY INDEX (IGC-NM)
533,CBAV3,CBA,IGNM,CORPORATE GOVERNANCE,NOVO MERCADO CORPORATE GOVERNANCE EQUITY INDEX (IGC-NM)
534,CLSA3,CLEARSALE,IGNM,CORPORATE GOVERNANCE,NOVO MERCADO CORPORATE GOVERNANCE EQUITY INDEX (IGC-NM)
535,CSED3,CRUZEIRO EDU,IGNM,CORPORATE GOVERNANCE,NOVO MERCADO CORPORATE GOVERNANCE EQUITY INDEX (IGC-NM)
536,DMVF3,D1000VFARMA,IGNM,CORPORATE GOVERNANCE,NOVO MERCADO CORPORATE GOVERNANCE EQUITY INDEX (IGC-NM)
537,DASA3,DASA,IGNM,CORPORATE GOVERNANCE,NOVO MERCADO CORPORATE GOVERNANCE EQUITY INDEX (IGC-NM)
538,DESK3,DESKTOP,IGNM,CORPORATE GOVERNANCE,NOVO MERCADO CORPORATE GOVERNANCE EQUITY INDEX (IGC-NM)
539,DOTZ3,DOTZ SA,IGNM,CORPORATE GOVERNANCE,NOVO MERCADO CORPORATE GOVERNANCE EQUITY INDEX (IGC-NM)
540,ELMD3,ELETROMIDIA,IGNM,CORPORATE GOVERNANCE,NOVO MERCADO CORPORATE GOVERNANCE EQUITY INDEX (IGC-NM)
541,ALPK3,ESTAPAR,IGNM,CORPORATE GOVERNANCE,NOVO MERCADO CORPORATE GOVERNANCE EQUITY INDEX (IGC-NM)
542,POWE3,FOCUS ON,IGNM,CORPORATE GOVERNANCE,NOVO MERCADO CORPORATE GOVERNANCE EQUITY INDEX (IGC-NM)
543,NINJ3,GETNINJAS,IGNM,CORPORATE GOVERNANCE,NOVO MERCADO CORPORATE GOVERNANCE EQUITY INDEX (IGC-NM)
544,HBRE3,HBR REALTY,IGNM,CORPORATE GOVERNANCE,NOVO MERCADO CORPORATE GOVERNANCE EQUITY INDEX (IGC-NM)
545,IFCM3,INFRACOMM,IGNM,CORPORATE GOVERNANCE,NOVO MERCADO CORPORATE GOVERNANCE EQUITY INDEX (IGC-NM)
546,JALL3,JALLESMACHAD,IGNM,CORPORATE GOVERNANCE,NOVO MERCADO CORPORATE GOVERNANCE EQUITY INDEX (IGC-NM)
547,JSLG3,JSL,IGNM,CORPORATE GOVERNANCE,NOVO MERCADO CORPORATE GOVERNANCE EQUITY INDEX (IGC-NM)
548,KRSA3,KORA SAUDE,IGNM,CORPORATE GOVERNANCE,NOVO MERCADO CORPORATE GOVERNANCE EQUITY INDEX (IGC-NM)
549,MATD3,MATER DEI,IGNM,CORPORATE GOVERNANCE,NOVO MERCADO CORPORATE GOVERNANCE EQUITY INDEX (IGC-NM)
550,MBLY3,MOBLY,IGNM,CORPORATE GOVERNANCE,NOVO MERCADO CORPORATE GOVERNANCE EQUITY INDEX (IGC-NM)
551,MDNE3,MOURA DUBEUX,IGNM,CORPORATE GOVERNANCE,NOVO MERCADO CORPORATE GOVERNANCE EQUITY INDEX (IGC-NM)
552,MLAS3,MULTILASER,IGNM,CORPORATE GOVERNANCE,NOVO MERCADO CORPORATE GOVERNANCE EQUITY INDEX (IGC-NM)
553,ONCO3,ONCOCLINICAS,IGNM,CORPORATE GOVERNANCE,NOVO MERCADO CORPORATE GOVERNANCE EQUITY INDEX (IGC-NM)
554,ORVR3,ORIZON,IGNM,CORPORATE GOVERNANCE,NOVO MERCADO CORPORATE GOVERNANCE EQUITY INDEX (IGC-NM)
555,OFSA3,OUROFINO S/A,IGNM,CORPORATE GOVERNANCE,NOVO MERCADO CORPORATE GOVERNANCE EQUITY INDEX (IGC-NM)
556,PDTC3,PADTEC,IGNM,CORPORATE GOVERNANCE,NOVO MERCADO CORPORATE GOVERNANCE EQUITY INDEX (IGC-NM)
557,RECV3,PETRORECSA,IGNM,CORPORATE GOVERNANCE,NOVO MERCADO CORPORATE GOVERNANCE EQUITY INDEX (IGC-NM)
558,PRNR3,PRINER,IGNM,CORPORATE GOVERNANCE,NOVO MERCADO CORPORATE GOVERNANCE EQUITY INDEX (IGC-NM)
559,PFRM3,PROFARMA,IGNM,CORPORATE GOVERNANCE,NOVO MERCADO CORPORATE GOVERNANCE EQUITY INDEX (IGC-NM)
560,RDNI3,RNI,IGNM,CORPORATE GOVERNANCE,NOVO MERCADO CORPORATE GOVERNANCE EQUITY INDEX (IGC-NM)
561,RSID3,ROSSI RESID,IGNM,CORPORATE GOVERNANCE,NOVO MERCADO CORPORATE GOVERNANCE EQUITY INDEX (IGC-NM)
562,SCAR3,SAO CARLOS,IGNM,CORPORATE GOVERNANCE,NOVO MERCADO CORPORATE GOVERNANCE EQUITY INDEX (IGC-NM)
563,SMFT3,SMART FIT,IGNM,CORPORATE GOVERNANCE,NOVO MERCADO CORPORATE GOVERNANCE EQUITY INDEX (IGC-NM)
564,SGPS3,SPRINGS,IGNM,CORPORATE GOVERNANCE,NOVO MERCADO CORPORATE GOVERNANCE EQUITY INDEX (IGC-NM)
565,TRAD3,TC,IGNM,CORPORATE GOVERNANCE,NOVO MERCADO CORPORATE GOVERNANCE EQUITY INDEX (IGC-NM)
566,LAND3,TERRASANTAPA,IGNM,CORPORATE GOVERNANCE,NOVO MERCADO CORPORATE GOVERNANCE EQUITY INDEX (IGC-NM)
567,UCAS3,UNICASA,IGNM,CORPORATE GOVERNANCE,NOVO MERCADO CORPORATE GOVERNANCE EQUITY INDEX (IGC-NM)
568,FIQE3,UNIFIQUE,IGNM,CORPORATE GOVERNANCE,NOVO MERCADO CORPORATE GOVERNANCE EQUITY INDEX (IGC-NM)
569,VITT3,VITTIA,IGNM,CORPORATE GOVERNANCE,NOVO MERCADO CORPORATE GOVERNANCE EQUITY INDEX (IGC-NM)
570,VVEO3,VIVEO,IGNM,CORPORATE GOVERNANCE,NOVO MERCADO CORPORATE GOVERNANCE EQUITY INDEX (IGC-NM)
571,LVTC3,WDC NETWORKS,IGNM,CORPORATE GOVERNANCE,NOVO MERCADO CORPORATE GOVERNANCE EQUITY INDEX (IGC-NM)
572,ALPA3,ALPARGATAS,IGCX,CORPORATE GOVERNANCE,SPECIAL CORPORATE GOVERNANCE STOCK INDEX (IGC)
573,BRSR3,BANRISUL,IGCX,CORPORATE GOVERNANCE,SPECIAL CORPORATE GOVERNANCE STOCK INDEX (IGC)
574,BRBI11,BR PARTNERS,IGCX,CORPORATE GOVERNANCE,SPECIAL CORPORATE GOVERNANCE STOCK INDEX (IGC)
575,BRAP3,BRADESPAR,IGCX,CORPORATE GOVERNANCE,SPECIAL CORPORATE GOVERNANCE STOCK INDEX (IGC)
576,BRKM3,BRASKEM,IGCX,CORPORATE GOVERNANCE,SPECIAL CORPORATE GOVERNANCE STOCK INDEX (IGC)
577,CEDO3,CEDRO,IGCX,CORPORATE GOVERNANCE,SPECIAL CORPORATE GOVERNANCE STOCK INDEX (IGC)
578,CEDO4,CEDRO,IGCX,CORPORATE GOVERNANCE,SPECIAL CORPORATE GOVERNANCE STOCK INDEX (IGC)
579,CLSC4,CELESC,IGCX,CORPORATE GOVERNANCE,SPECIAL CORPORATE GOVERNANCE STOCK INDEX (IGC)
580,CESP3,CESP,IGCX,CORPORATE GOVERNANCE,SPECIAL CORPORATE GOVERNANCE STOCK INDEX (IGC)
581,CESP5,CESP,IGCX,CORPORATE GOVERNANCE,SPECIAL CORPORATE GOVERNANCE STOCK INDEX (IGC)
582,EUCA3,EUCATEX,IGCX,CORPORATE GOVERNANCE,SPECIAL CORPORATE GOVERNANCE STOCK INDEX (IGC)
583,EUCA4,EUCATEX,IGCX,CORPORATE GOVERNANCE,SPECIAL CORPORATE GOVERNANCE STOCK INDEX (IGC)
584,FESA3,FERBASA,IGCX,CORPORATE GOVERNANCE,SPECIAL CORPORATE GOVERNANCE STOCK INDEX (IGC)
585,FRAS3,FRAS-LE,IGCX,CORPORATE GOVERNANCE,SPECIAL CORPORATE GOVERNANCE STOCK INDEX (IGC)
586,GGBR3,GERDAU,IGCX,CORPORATE GOVERNANCE,SPECIAL CORPORATE GOVERNANCE STOCK INDEX (IGC)
587,GOAU3,GERDAU MET,IGCX,CORPORATE GOVERNANCE,SPECIAL CORPORATE GOVERNANCE STOCK INDEX (IGC)
588,ITSA3,ITAUSA,IGCX,CORPORATE GOVERNANCE,SPECIAL CORPORATE GOVERNANCE STOCK INDEX (IGC)
589,POMO3,MARCOPOLO,IGCX,CORPORATE GOVERNANCE,SPECIAL CORPORATE GOVERNANCE STOCK INDEX (IGC)
590,BMEB3,MERC BRASIL,IGCX,CORPORATE GOVERNANCE,SPECIAL CORPORATE GOVERNANCE STOCK INDEX (IGC)
591,BMEB4,MERC BRASIL,IGCX,CORPORATE GOVERNANCE,SPECIAL CORPORATE GOVERNANCE STOCK INDEX (IGC)
592,MODL11,MODALMAIS,IGCX,CORPORATE GOVERNANCE,SPECIAL CORPORATE GOVERNANCE STOCK INDEX (IGC)
593,PINE4,PINE,IGCX,CORPORATE GOVERNANCE,SPECIAL CORPORATE GOVERNANCE STOCK INDEX (IGC)
594,RAIZ4,RAIZEN,IGCX,CORPORATE GOVERNANCE,SPECIAL CORPORATE GOVERNANCE STOCK INDEX (IGC)
595,RAPT3,RANDON PART,IGCX,CORPORATE GOVERNANCE,SPECIAL CORPORATE GOVERNANCE STOCK INDEX (IGC)
596,TASA3,TAURUS ARMAS,IGCX,CORPORATE GOVERNANCE,SPECIAL CORPORATE GOVERNANCE STOCK INDEX (IGC)
597,TFCO4,TRACK FIELD,IGCX,CORPORATE GOVERNANCE,SPECIAL CORPORATE GOVERNANCE STOCK INDEX (IGC)
598,TRPL3,TRAN PAULIST,IGCX,CORPORATE GOVERNANCE,SPECIAL CORPORATE GOVERNANCE STOCK INDEX (IGC)
599,BAHI3,BAHEMA,ITAG,CORPORATE GOVERNANCE,SPECIAL TAG-ALONG STOCK INDEX (ITAG)
600,BGIP3,BANESE,ITAG,CORPORATE GOVERNANCE,SPECIAL TAG-ALONG STOCK INDEX (ITAG)
601,BGIP4,BANESE,ITAG,CORPORATE GOVERNANCE,SPECIAL TAG-ALONG STOCK INDEX (ITAG)
602,BIOM3,BIOMM,ITAG,CORPORATE GOVERNANCE,SPECIAL TAG-ALONG STOCK INDEX (ITAG)
603,BRKM6,BRASKEM,ITAG,CORPORATE GOVERNANCE,SPECIAL TAG-ALONG STOCK INDEX (ITAG)
604,CTNM4,COTEMINAS,ITAG,CORPORATE GOVERNANCE,SPECIAL TAG-ALONG STOCK INDEX (ITAG)
605,CRDE3,CR2,ITAG,CORPORATE GOVERNANCE,SPECIAL TAG-ALONG STOCK INDEX (ITAG)
606,GSHP3,GENERALSHOPP,ITAG,CORPORATE GOVERNANCE,SPECIAL TAG-ALONG STOCK INDEX (ITAG)
607,GEPA4,GER PARANAP,ITAG,CORPORATE GOVERNANCE,SPECIAL TAG-ALONG STOCK INDEX (ITAG)